domain|URL|type|why relevant|outreach angle|RUO risk|priority
peptidesfinder.com|https://peptidesfinder.com/submit|directory|Hand-reviewed RUO peptide vendor directory with explicit submit form|Submit vendor listing with COA/transparency evidence; emphasize RUO-only catalog|low|1
peptidetrace.com|https://www.peptidetrace.com/vendors|directory|Independent peptide vendor register with Submit a Vendor CTA|Apply for listing + Verified Vendor path; lead with lot COA/HPLC docs|low|1
peptiq.io|https://peptiq.io/directory|directory|Structured peptide supplier directory with distributor application|Apply for listing / Verified Transparency; highlight COA + batch testing policy|low|1
peptidebase.io|https://peptidebase.io/research-vendors|directory|Independent research-vendor transparency index (what each publishes)|Request research-vendor listing/correction with published COA links|med|1
peptidecompass.net|https://peptidecompass.net/vendors|directory|RUO peptide vendor directory tracking COA/testing/shipping facts|Request inclusion; pitch documented COA practices not rank-buying|med|1
thepeptideindex.org|https://thepeptideindex.org/vendors/|directory|Side-by-side peptide vendor comparison (price/COA/shipping)|Request vendor profile with HPLC/MS COA examples and shipping policy|med|1
peptinox.com|https://peptinox.com/|directory|Research peptide vendor directory with verification pillars|Apply for verification; emphasize third-party testing + business legitimacy|med|1
peptide-report.com|https://peptide-report.com/suppliers/|directory|RUO/institutional peptide supplier documentation profiles|Pitch official-site documentation profile for RUO catalog transparency|low|1
finnrick.com|https://www.finnrick.com/|resource|Independent peptide testing / vendor ranking dataset|Offer samples for independent testing to earn public test record|med|1
curo.you|https://curo.you/insights/best-peptide-companies-2026|resource|Documentation-first peptide supplier evaluation / listicle content|Pitch RUO documentation story (lot COA, HPLC+MS) for future roundups|med|2
peptides.wiki|https://peptides.wiki/resources/|resource|Research peptide educational resource hub|Suggest resource listing for RUO catalog + COA education pages|med|2
peptides.fyi|https://www.peptides.fyi/|resource|Research peptide reference guide / compound database|Offer compound-profile citations or resource partnership (RUO framing)|med|2
citeab.com|https://www.citeab.com/data-services/reagent-suppliers/listing-on-citeab|directory|Major life-science reagent search; lists custom peptide suppliers|Apply for reagent/custom peptide service listing to researchers|low|1
biocompare.com|https://advertising.biocompare.com/product-listing/|directory|Buyer's guide for life scientists; product listing program|Inquire about product listing for RUO peptides/lab reagents|low|1
molport.com|https://www.molport.com/shop/sell|directory|B2B compound sourcing platform; free supplier catalog listing|List eligible research compounds/building blocks via supplier onboarding|low|1
selectscience.net|https://www.selectscience.net/products|directory|Peer-reviewed lab product directory with manufacturer listings|Request product/supplier profile for research peptides & reagents|low|1
labx.com|https://www.labx.com/categories-a/antibodies-reagents|directory|Lab equipment/reagents marketplace (new/used)|Create supplier presence for lab reagents category; RUO framing|low|2
zageno.com|https://go.zageno.com/|partner|Life-sciences lab supply marketplace (50M+ SKUs)|Apply as specialty RUO peptide/reagent supplier on marketplace|low|1
labviva.com|https://www.labviva.com/|partner|Life sciences purchasing platform with supplier channel|Pitch supplier partnership for institutional R&D buyers|low|2
quartzy.com|https://info.quartzy.com/quartzy-shop-1|partner|University/lab procurement shop with 1800+ supplier brands|Ask about supplier onboarding for academic lab catalogs|low|2
biopharmguy.com|https://biopharmguy.com/|directory|Global biotech company directory (14k+ companies)|Submit company listing as RUO research reagents supplier|low|1
bio.org|https://www.bio.org/member/bio-member-directory|directory|BIO Biotechnology Innovation Organization member directory|Explore membership/listing path for life-science tools company|low|2
bioindustry.org|https://www.bioindustry.org/membership/directory.html|directory|UK BioIndustry Association membership directory|Evaluate membership for EU/UK research-supplier visibility|low|2
americanpeptidesociety.org|https://americanpeptidesociety.org/peptide-links/|resource|APS PeptideLinks academic/company research directory|Contact APS to inquire about company research-page inclusion criteria|low|1
newyorkbio.org|https://www.newyorkbio.org/membership-directory/corporate|directory|Regional bioscience association corporate directory|Explore membership if US East Coast ops/presence fits|low|3
thomasnet.com|https://www.thomasnet.com/|directory|North American industrial/chemical supplier discovery|Claim/create supplier profile under research chemicals/peptides|low|2
crunchbase.com|https://www.crunchbase.com/|directory|Startup/company database frequently used for discovery|Claim company profile; keep description RUO lab reagents only|low|2
producthunt.com|https://www.producthunt.com/|directory|Startup launch directory (secondary brand awareness)|Launch catalog/tooling product if there is a distinct SaaS angle|low|3
protocols.io|https://www.protocols.io/|resource|Versioned open protocol repository used by labs worldwide|Publish RUO peptide handling/reconstitution protocols with vendor-neutral citations|low|1
addgene.org|https://www.addgene.org/protocols/|resource|Trusted nonprofit plasmid/protocol educational hub|Contribute educational content only if invited; link carefully as resource|low|3
labroots.com|https://www.labroots.com/about-us|forum|Scientific social network + webinars/virtual events|Create company page; pitch webinar on COA/HPLC for RUO reagents|low|2
researchgate.net|https://www.researchgate.net/|forum|Researcher network; company pages + Q&A|Create company page; answer reagent methodology questions (no sales spam)|low|2
scienceopen.com|https://www.scienceopen.com/|resource|Open science discovery/networking platform|Build researcher profile/collections related to peptide methods|low|3
pubchem.ncbi.nlm.nih.gov|https://pubchem.ncbi.nlm.nih.gov/|resource|NIH chemical information database (compound records)|Ensure CAS/compound pages are accurate; not a classic backlink ask|low|3
chemspider.com|https://www.chemspider.com/|resource|RSC chemical structure database|Contribute/deposit structure data where supplier deposition is allowed|low|3
lifescienceleader.com|https://www.lifescienceleader.com/|newsletter|Industry publication that runs guest columns on lab topics|Pitch guest column on RUO documentation / COA transparency|low|2
genengnews.com|https://www.genengnews.com/|newsletter|Genetic Engineering & Biotechnology News (GEN)|Pitch insight on research-reagent quality / analytical testing|low|2
labmanager.com|https://www.labmanager.com/|newsletter|Lab Manager magazine covering lab ops/procurement|Pitch contributed article on sourcing RUO peptides with COAs|low|1
bioscommunity.substack.com|https://bioscommunity.substack.com/p/bios-content-contributor|newsletter|BIOS+ TechBio publication with open contributor call|Apply as guest contributor on research tools / peptide reagents|low|2
biopitch.substack.com|https://biopitch.substack.com/p/get-in-touch|newsletter|European life-sciences Substack accepting story pitches|Pitch RUO catalog / transparency angle to editor|low|2
thebiotechstack.substack.com|https://thebiotechstack.substack.com/|newsletter|Life sciences tools/platforms interview newsletter|Pitch tools-company interview on RUO peptide catalog ops|low|2
qwoted.com|https://www.qwoted.com/|newsletter|Journalist query platform (HARO-class outreach channel)|Create expert profile; answer biotech/lab-reagent queries for earned mentions|low|1
featured.com|https://featured.com/|newsletter|Expert Q&A roundup platform (ex-Terkel); HARO-class|Answer science/lab-sourcing questions for roundup backlinks|low|1
sourcebottle.com|https://www.sourcebottle.com/|newsletter|Journalist/blogger query platform (AU/UK/global)|Register as RUO lab-reagents expert; respond to relevant queries|low|2
connectively.us|https://www.connectively.us/|newsletter|Expert-publisher matching platform (post-HARO landscape)|Create expert page if platform active for your region; track status|med|3
reddit.com|https://www.reddit.com/r/PeptideGuide/|forum|Active research-peptide discussion; wiki/resource threads|Organic helpful RUO replies only; never spam vendor links — high ban risk|high|3
reddit.com|https://www.reddit.com/r/USPeptides/|forum|Research-oriented peptide discussion with library threads|Contribute educational RUO posts only if rules allow; flag spam risk|high|3
scisure.com|https://www.scisure.com/blog/hidden-complexity-lab-supplies-sourcing|newsletter|Lab ops blog that accepts partner guest posts|Pitch guest post on RUO peptide sourcing complexity / COA checks|low|2
biosynth.com|https://www.biosynth.com/peptides|partner|Institutional peptide synthesis/services brand (adjacency)|Explore co-marketing or resource-link only if RUO-safe B2B fit|low|3
bachem.com|https://www.bachem.com/|partner|Peptide CDMO / research peptide adjacency (institutional)|Partnership/resource mention only if complementary not competitive|low|3
genscript.com|https://www.genscript.com/|partner|Custom peptide synthesis / life-science tools|Explore catalog partnership or educational co-content (RUO)|low|3
medchemexpress.com|https://www.medchemexpress.com/|partner|Research biochemicals/peptides catalog (institutional RUO)|Compare/co-list educational resources; avoid clinic framing|low|3
caymanaldrich.com|https://www.sigmaaldrich.com/|partner|Major institutional research-chemical catalog|Not a guest-link target; useful for competitive/adjacency research|low|3
tocris.com|https://www.tocris.com/|partner|Research bioactive compounds catalog (RUO culture)|Adjacency/partnership research only; maintain RUO positioning|low|3
cayman.com|https://www.cayman.com/|newsletter|Life science research magazine with supplier ecosystem|Explore advertising/directory or contributed tech brief|low|2
aaas.org|https://www.science.org/|newsletter|Science/AAAS publisher (high authority; paid paths)|Explore advertising or career/directory options carefully|low|3
pittcon.org|https://www.pittcon.org/|directory|Major analytical chemistry conference (HPLC community)|Exhibit/sponsor or directory listing for analytical-grade reagents|low|2
biocentury.com|https://www.biocentury.com/|newsletter|Biotech business intelligence (BCIQ company profiles)|Claim/explore company profile if eligible; institutional tone|low|3
angel.co|https://wellfound.com/|directory|Startup directory (Wellfound/AngelList)|Claim startup profile as RUO lab reagents catalog|low|3
ycombinator.com|https://www.ycombinator.com/|directory|Startup ecosystem directory (secondary discovery)|Only if applying/launching YC-related; otherwise skip|low|3
helpab2bwriter.com|https://helpab2bwriter.com/|newsletter|B2B writer query platform (HARO-class niche)|Respond to B2B life-science sourcing queries for mentions|low|2
saashub.com|https://saashub.com/|directory|Software/startup alternative directory|List only if you have a distinct SaaS tool (COA portal etc.)|low|3
rockethub.com|https://www.rockethub.com/top-100-startup-directories|resource|Meta-list of startup directories for submission planning|Use as checklist of directories; not a link target itself|low|3
janoshik.com|https://janoshik.com/|partner|Independent peptide analytical lab often cited for HPLC COAs|Explore testing partnership; publish COAs for trust signals|low|2
peptidebase.io|https://peptidebase.io/about|directory|Provider directory education platform (separate from research-vendors)|Claim listing carefully; avoid clinic/telehealth adjacency pages|med|2
peptiq.io|https://peptiq.io/labs|directory|PeptIQ testing-lab and brand claim pages|Claim brand + upload COAs for trust score visibility|low|1
peptidetrace.com|https://www.peptidetrace.com/for-vendors|partner|Vendor verification / batch-test posting product|Onboard products so buyers see verified marks|low|1
labmanager.com|https://lab-manager.mydigitalpublication.com/product-resource-guide-2024/advertisers|directory|Lab Manager Product Resource Guide advertiser ecosystem|Inquire about product resource guide listing for reagents|low|2
comparenetworks.com|https://customerfaqs.comparenetworks.com/147726-What-is-the-product-listing-process/|directory|CompareNetworks (Biocompare parent) listing process docs|Follow product data file listing process for Biocompare|low|2
